<?xml version="1.0" encoding="UTF-8"?>
<buttonmap version="2">
	<controller id="game.controller.nes" type="RETRO_DEVICE_JOYPAD" subclass="0">
		<feature name="a" mapto="RETRO_DEVICE_ID_JOYPAD_A"/>
		<feature name="b" mapto="RETRO_DEVICE_ID_JOYPAD_B"/>
		<feature name="start" mapto="RETRO_DEVICE_ID_JOYPAD_START"/>
		<feature name="select" mapto="RETRO_DEVICE_ID_JOYPAD_SELECT"/>
		<feature name="up" mapto="RETRO_DEVICE_ID_JOYPAD_UP"/>
		<feature name="down" mapto="RETRO_DEVICE_ID_JOYPAD_DOWN"/>
		<feature name="right" mapto="RETRO_DEVICE_ID_JOYPAD_RIGHT"/>
		<feature name="left" mapto="RETRO_DEVICE_ID_JOYPAD_LEFT"/>
	</controller>
	<controller id="game.controller.snes" type="RETRO_DEVICE_JOYPAD" subclass="7">
		<feature name="a" mapto="RETRO_DEVICE_ID_JOYPAD_A"/>
		<feature name="b" mapto="RETRO_DEVICE_ID_JOYPAD_B"/>
		<feature name="x" mapto="RETRO_DEVICE_ID_JOYPAD_X"/>
		<feature name="y" mapto="RETRO_DEVICE_ID_JOYPAD_Y"/>
		<feature name="start" mapto="RETRO_DEVICE_ID_JOYPAD_START"/>
		<feature name="select" mapto="RETRO_DEVICE_ID_JOYPAD_SELECT"/>
		<feature name="up" mapto="RETRO_DEVICE_ID_JOYPAD_UP"/>
		<feature name="down" mapto="RETRO_DEVICE_ID_JOYPAD_DOWN"/>
		<feature name="right" mapto="RETRO_DEVICE_ID_JOYPAD_RIGHT"/>
		<feature name="left" mapto="RETRO_DEVICE_ID_JOYPAD_LEFT"/>
		<feature name="rightbumper" mapto="RETRO_DEVICE_ID_JOYPAD_R"/>
		<feature name="leftbumper" mapto="RETRO_DEVICE_ID_JOYPAD_L"/>
	</controller>
	<controller id="game.controller.snes.mouse" type="RETRO_DEVICE_MOUSE" subclass="2">
		<feature name="left" mapto="RETRO_DEVICE_ID_MOUSE_LEFT"/>
		<feature name="right" mapto="RETRO_DEVICE_ID_MOUSE_RIGHT"/>
		<feature name="pointer" mapto="RETRO_DEVICE_MOUSE"/>
	</controller>
</buttonmap>
