<?xml version="1.0" encoding="UTF-8"?>
<addon id="game.libretro.cannonball" name="Cannonball" version="0.0.1.35.3" provider-name="Chris White">
  <requires>
    <import addon="game.libretro" version="1.0.0"/>
  </requires>
  <extension point="kodi.gameclient" library_linux="game.libretro.cannonball.so">
    <platforms/>
    <extensions>game</extensions>
    <supports_vfs>false</supports_vfs>
    <supports_standalone>true</supports_standalone>
    <requires_opengl>false</requires_opengl>
  </extension>
  <extension point="xbmc.addon.metadata">
    <license>Non-commercial</license>
    <platform/>
    <source>https://github.com/kodi-game/game.libretro.cannonball</source>
    <assets>
      <icon>resources/icon.png</icon>
      <fanart>resources/fanart.jpg</fanart>
    </assets>
    <summary lang="da_DK">Cannonball</summary>
    <summary lang="en_GB">Cannonball</summary>
    <summary lang="es_ES">Cannonball</summary>
    <summary lang="zh_CN">加农炮</summary>
    <description lang="en_GB">Cannonball is an enhanced version of the seminal arcade racer OutRun designed by Yu Suzuki in 1986.[CR][CR]Note: OutRun Revision B files are needed. See the file [I]roms needed.txt[/I].</description>
    <description lang="es_ES">Cannonball es una versión mejorada del mítico arcade de carreras OutRun, diseñado por Yu Suzuki en 1986.[CR][CR]Nota: Se necesitan los archivos de la Revisión B de OutRun. Ver el archivo [I]roms needed.txt[/I].</description>
  </extension>
</addon>
