<?xml version="1.0" encoding="UTF-8"?>
<addon id="pvr.stalker" version="22.2.0.1" name="Stalker Client" provider-name="Jamal Edey">
  <requires>
    <import addon="kodi.binary.global.main" minversion="2.0.0" version="2.0.2"/>
    <import addon="kodi.binary.global.general" minversion="1.0.4" version="1.0.5"/>
    <import addon="kodi.binary.global.filesystem" minversion="1.1.7" version="1.1.8"/>
    <import addon="kodi.binary.global.tools" minversion="1.0.0" version="1.0.4"/>
    <import addon="kodi.binary.instance.pvr" minversion="9.2.0" version="9.2.0"/>
  </requires>
  <extension point="kodi.pvrclient" library_linux="pvr.stalker.so.22.2.0"/>
  <extension point="xbmc.addon.metadata">
    <platform/>
    <license>GPL-2.0-or-later</license>
    <source>https://github.com/kodi-pvr/pvr.stalker</source>
    <forum>https://forum.kodi.tv/forumdisplay.php?fid=234</forum>
    <assets>
      <icon>resources/icon.png</icon>
    </assets>
    <summary lang="af_ZA">PVR Kliënt om Kodi aan Stalker Middleware te konnekteer</summary>
    <summary lang="bg_BG">Клиент за ПВР за свързване на Kodi със „Stalker Middleware“</summary>
    <summary lang="ca_ES">Client PVR per connectar Kodi al Middleware Stalker</summary>
    <summary lang="cs_CZ">Klient PVR pro připojení Kodi k Stalker Middleware</summary>
    <summary lang="da_DK">PVR klient som forbinder Kodi til Stalker Middleware</summary>
    <summary lang="de_DE">PVR Client um Kodi mit Stalker Middleware zu verbinden</summary>
    <summary lang="el_GR">ΠελάτηςPVR για σύνδεση του Kodi με τοStalker Middleware</summary>
    <summary lang="en_GB">PVR Client to connect Kodi to Stalker Middleware</summary>
    <summary lang="en_NZ">PVR Client to connect Kodi to Stalker Middleware</summary>
    <summary lang="en_US">PVR Client to connect Kodi to Stalker Middleware</summary>
    <summary lang="es_ES">Cliente PVR para conectar Kodi al Middleware Stalker</summary>
    <summary lang="es_MX">Cliente PVR para conectar Kodi al Stalker Middleware</summary>
    <summary lang="et_EE">PVR'i klient ühendamaks Kodi Stalker Middleware'ga</summary>
    <summary lang="fi_FI">Stalker Middleware PVR-pääte Kodille.</summary>
    <summary lang="fr_CA">Client de numériscope pour connecter Kodi à l’intergiciel Stalker</summary>
    <summary lang="fr_FR">Client enregistreur vidéo (PVR) pour connecter Kodi à l'intergiciel Stalker</summary>
    <summary lang="gl_ES">Cliente PVR para conectar Kodi a un Stalker Middleware</summary>
    <summary lang="he_IL">לקוח טלוויזיה חיה עבור Stalker Middleware</summary>
    <summary lang="hr_HR">PVR klijent za povezivanje Kodija na Stalker Middleware</summary>
    <summary lang="hu_HU">PVR ügyfél, ami összeköti a Kodit a Stalker köztes réteggel</summary>
    <summary lang="id_ID">PVR Client untuk menghubungkan Kodi ke Stalker Middleware</summary>
    <summary lang="is_IS">Upptökubiðlari til að tengja Kodi við Stalker Middleware</summary>
    <summary lang="it_IT">Client PVR per connettere Kodi a Stalker Middleware</summary>
    <summary lang="ja_JP">KodiをStalker Middlewareに接続するためのPVRクライアント</summary>
    <summary lang="ko_KR">Kodi를 Stalker 미들웨어로 연결하는 PVR 클라이언트</summary>
    <summary lang="lt_LT">PVR klientas Kodi sujungimui su Stalker Middleware</summary>
    <summary lang="lv_LV">PVR klients, lai pieslēgtu Kodi pie Stalker Middleware</summary>
    <summary lang="ms_MY">Klien PVR untuk sambungkan Kodi dengan Stalker Middleware</summary>
    <summary lang="nb_NO">PVR-klient for å koble Kodi til Stalker Mellomvare</summary>
    <summary lang="nl_NL">PVR-cliënt verbindt Kodi met Stalker Middleware</summary>
    <summary lang="pl_PL">Klient telewizji dla platformy Stalker Middleware</summary>
    <summary lang="pt_BR">Cliente PVR para conectar Kodi para o Middleware Stalker</summary>
    <summary lang="pt_PT">Cliente PVR para ligar o Kodi ao Stalker Middleware</summary>
    <summary lang="ro_RO">Client PVR pentru conectarea Kodi la platforma Stalker</summary>
    <summary lang="ru_RU">Клиент PVR для подключения Stalker Middleware к Kodi</summary>
    <summary lang="sk_SK">PVR klient na prepojenie Kodi so Stalker softverom</summary>
    <summary lang="sl_SI">Odjemalec PVC, s katerim se Kodi poveže s Stalker Middleware</summary>
    <summary lang="sr_RS">PVR Клијент за повезивање Kodi са Stalker Middleware</summary>
    <summary lang="sr_RS@latin">PVR Klijent za povezivanje Kodi sa Stalker Middleware</summary>
    <summary lang="sv_SE">PVR-klient för anslutning av Kodi till Stalker Middleware</summary>
    <summary lang="szl">Klijynt telewizyje dlŏ platformy Stalker Middleware</summary>
    <summary lang="tr_TR">PVR İstemcisi Kodi'yi Stalker Middleware'e bağlar</summary>
    <summary lang="vi_VN">Trình PVR để kết nối Kodi với Stalker Middleware</summary>
    <summary lang="zh_CN">Kodi 连接 Stalker Middleware 的 PVR 客户端</summary>
    <summary lang="zh_TW">連接至 Stalker Middleware 的Kodi PVR用戶端</summary>
    <description lang="af_ZA">PVR Kliënt om Kodi aan Stalker Middleware te konnekteer</description>
    <description lang="bg_BG">Клиент за ПВР за свързване на Kodi със „Stalker Middleware“</description>
    <description lang="ca_ES">Client PVR per connectar Kodi al Middleware Stalker</description>
    <description lang="cs_CZ">Klient PVR pro připojení Kodi k Stalker Middleware</description>
    <description lang="da_DK">PVR klient som forbinder Kodi til Stalker Middleware</description>
    <description lang="de_DE">PVR Client um Kodi mit Stalker Middleware zu verbinden</description>
    <description lang="el_GR">Πελάτης PVR για σύνδεση του Kodi με το Stalker Middleware</description>
    <description lang="en_GB">PVR Client to connect Kodi to Stalker Middleware</description>
    <description lang="en_NZ">PVR Client to connect Kodi to Stalker Middleware</description>
    <description lang="en_US">PVR Client to connect Kodi to Stalker Middleware</description>
    <description lang="es_ES">Cliente PVR para conectar Kodi al Middleware Stalker</description>
    <description lang="es_MX">Cliente PVR para conectar Kodi al Stalker Middleware</description>
    <description lang="et_EE">PVR'i klient ühendamaks Kodi Stalker Middleware'ga</description>
    <description lang="fi_FI">Stalker Middleware PVR-pääte Kodille.</description>
    <description lang="fr_CA">Client de numériscope pour connecter Kodi à l’intergiciel Stalker</description>
    <description lang="fr_FR">Client enregistreur vidéo (PVR) pour connecter Kodi à l'intergiciel Stalker</description>
    <description lang="gl_ES">Cliente PVR que conecta Kodi a un Stalker Middleware</description>
    <description lang="he_IL">לקוח טלוויזיה חיה עבור Stalker Middleware</description>
    <description lang="hr_HR">PVR klijent za povezivanje Kodija na Stalker Middleware</description>
    <description lang="hu_HU">PVR ügyfél, ami összeköti a Kodit a Stalker köztes réteggel</description>
    <description lang="id_ID">PVR Client untuk menghubungkan Kodi ke Stalker Middleware</description>
    <description lang="is_IS">Upptökubiðlari til að tengja Kodi við Stalker Middleware</description>
    <description lang="it_IT">Client PVR per connettere Kodi a Stalker Middleware</description>
    <description lang="ja_JP">KodiをStalker Middlewareに接続するためのPVRクライアント</description>
    <description lang="ko_KR">Kodi를 Stalker 미들웨어로 연결하는 PVR 클라이언트</description>
    <description lang="lt_LT">PVR klientas Kodi sujungimui su Stalker Middleware</description>
    <description lang="lv_LV">PVR klients, lai pieslēgtu Kodi pie Stalker Middleware</description>
    <description lang="ms_MY">Klien PVR untuk sambungkan Kodi dengan Stalker Middleware</description>
    <description lang="nb_NO">PVR Klient for å koble Kodi til Stalker-mellomvare</description>
    <description lang="nl_NL">PVR-cliënt verbindt Kodi met Stalker Middleware</description>
    <description lang="pl_PL">Klient telewizji dla platformy Stalker Middleware</description>
    <description lang="pt_BR">Cliente PVR para conectar Kodi para o Middleware Stalker</description>
    <description lang="pt_PT">Cliente PVR para ligar o Kodi ao Middleware Stalker</description>
    <description lang="ro_RO">Client PVR pentru conectarea Kodi la platforma Stalker</description>
    <description lang="ru_RU">Клиент PVR для подключения Stalker Middleware к Kodi</description>
    <description lang="sk_SK">PVR klient na prepojenie Kodi so Stalker softverom</description>
    <description lang="sl_SI">Odjemalec PVC, s katerim se Kodi poveže s Stalker Middleware</description>
    <description lang="sr_RS">PVR Клијент за повезивање Kodi са Stalker Middleware</description>
    <description lang="sr_RS@latin">PVR Klijent za povezivanje Kodi sa Stalker Middleware</description>
    <description lang="sv_SE">PVR-klient för anslutning av Kodi till Stalker Middleware</description>
    <description lang="szl">Klijynt telewizyje dlŏ platformy Stalker Middleware</description>
    <description lang="tr_TR">PVR İstemcisi Kodi'yi Stalker Middleware'e bağlar</description>
    <description lang="vi_VN">Trình PVR để kết nối Kodi với Stalker Middleware</description>
    <description lang="zh_CN">Kodi 连接 Stalker Middleware 的 PVR 客户端</description>
    <description lang="zh_TW">連接至 Stalker Middleware 的Kodi PVR用戶端</description>
    <disclaimer lang="af_ZA">Hierdie is onstabiele sagteware! Die outeurs is op geen manier verantwoordelik vir gefaalde opnames, inkorrekte tydhouers, gemorsde ure, of enige ander ongewensde effekte.</disclaimer>
    <disclaimer lang="bg_BG">Тази програма е нестабилна! Авторите не носят отговорност за неуспешно записване, некоректни броячи, пропиляно време и други нежелани ефекти.</disclaimer>
    <disclaimer lang="ca_ES">Això és programari inestable! Els autors no són de cap manera responsables dels enregistraments que han fallat, temporitzadors incorrectes, hores perdudes, o qualssevol altres efectes no desitjats.</disclaimer>
    <disclaimer lang="cs_CZ">Tento software není stabilní! Autoři nejsou žádným způsobem zodpovědní za neúspěšná nahrávání, chybné časovače, ztracený čas nebo jakékoliv jiné nežádoucí výsledky.</disclaimer>
    <disclaimer lang="cy_GB">Mae hwn yn feddalwedd ansad! Nid yw'r awduron yn gyfrifol mewn unrhyw ffordd am fethu recordio, amseru gwallus, oriau wedi eu gwastraffu nac effeithiau anymunol eraill.</disclaimer>
    <disclaimer lang="da_DK">Denne software er ustabil. Udviklerne er på ingen måde ansvarlige for mislykkede optagelser, fejlagtige timere, spildte timer eller andre uønskede konsekvenser.</disclaimer>
    <disclaimer lang="de_DE">Diese Software ist noch in der Entwicklung! Die Autoren sind nicht für fehlgeschlagene Aufnahmen, falsche Timer, verschwendete Zeit oder andere ungewollte Effekte verantwortlich.</disclaimer>
    <disclaimer lang="el_GR">Ασταθές πρόγραμμα! Οι δημιουργοί δεν είναι σε καμία περίπτωση υπεύθυνοι για αποτυχημένες εγγραφές, λανθασμένους χρονοδιακόπτες, χαμένες ώρες, ή κάθε είδους ανεπιθύμητα αποτελέσματα.</disclaimer>
    <disclaimer lang="en_AU">This is unstable software! The authors are in no way responsible for failed recordings, incorrect timers, wasted hours, or any other undesirable effects.</disclaimer>
    <disclaimer lang="en_GB">This is unstable software! The authors are in no way responsible for failed recordings, incorrect timers, wasted hours, or any other undesirable effects.</disclaimer>
    <disclaimer lang="en_NZ">This is unstable software! The authors are in no way responsible for failed recordings, incorrect timers, wasted hours, or any other undesirable effects.</disclaimer>
    <disclaimer lang="en_US">This is unstable software! The authors are in no way responsible for failed recordings, incorrect timers, wasted hours, or any other undesirable effects.</disclaimer>
    <disclaimer lang="es_AR">¡Este software es inestable! Los autores no se responsabilizan por grabaciones fallidas, temporizadores incorrectos, horas perdidas, o cualquier otro efecto no deseado.</disclaimer>
    <disclaimer lang="es_ES">¡Este software es inestable! Los autores no se hacen responsables de grabaciones fallidas, temporizadores incorrectos, horas perdidas o cualquier otro efecto no deseado.</disclaimer>
    <disclaimer lang="es_MX">¡Esto es software inestable! Los autores no son responsables de ninguna forma por grabaciones fallidas, temporizadores incorrectos, horas perdidas, o cualquier otro efecto no deseado.</disclaimer>
    <disclaimer lang="et_EE">See on ebastabiilne tarkvara! Autorid ei ole kuidagi moodi vastutavad nurjunud salvestiste, vale taimeri, raisatud aja ega muude soovimatute asjade eest.</disclaimer>
    <disclaimer lang="eu_ES">Software hau ezegonkorra da! Egilea ez da arduratzen grabazio-erroreetaz, kronometro-erroreetaz, ordu galduetaz edo beste edozein ondorio ezerosoetaz.</disclaimer>
    <disclaimer lang="fi_FI">Tämä on epävakaa ohjelmisto! Sen kehittäjät eivät ole millään tavoin vastuussa epäonnistuneista tallennuksista, virheellisistä ajastuksista, hukatusta ajasta tai mistään muistakaan ei-toivotuista seurauksista.</disclaimer>
    <disclaimer lang="fr_CA">Ce logiciel est instable ! Les auteurs ne sont aucunement responsables des enregistrements défaillants, des minuteries erronées, des heures perdues ou tout autre effet indésirable.</disclaimer>
    <disclaimer lang="fr_FR">Logiciel en cours d'élaboration ! Les auteurs ne sont en aucun cas responsables de l'échec des enregistrements, programmations défectueuses, temps perdu ou autres effets indésirables.</disclaimer>
    <disclaimer lang="gl_ES">Software non estable, os autores non se fan responsábeis dos erros na gravacións, temporizadores incorrectos, e outros efectos non desexados.</disclaimer>
    <disclaimer lang="he_IL">זוהי איננה הרחבה יציבה! המפתחים אינם אחראים על כשלון בניגון, זמנים שגויים במדריך השידורים, שעות מבוזבזות או כל תופעה לא רצויה אחרת.</disclaimer>
    <disclaimer lang="hr_HR">Ovo je nestabilan softver! Autori nisu ni na koji način odgovorni za neuspjelo snimanje, netočna zakazana snimanja, izgubljene sate, ili bilo koje druge neželjene učinke.</disclaimer>
    <disclaimer lang="hu_HU">Ez nem stabil szoftver! A készítők nem vállalnak felelősséget, a hibás felvételért, rossz időzítésért, elvesztegetett időért.</disclaimer>
    <disclaimer lang="hy_AM">Սա անկայուն ծրագրային ապահովում է: Հեղինակները պատասխանատու չեն վատ ձայնագրումների, սխալ ժամանակացույցերի, կորած ժամանակի կամ այլ ոչ ցանկալի երևույթների համար:</disclaimer>
    <disclaimer lang="id_ID">Ini merupakan software yang tidak stabil! Penulis tidak bertanggung jawab untuk rekaman gagal, timer salah, waktu terbuang, atau efek tak diinginkan lainnya.</disclaimer>
    <disclaimer lang="is_IS">Þetta er óstöðugur hugbúnaður! Höfundar eru á engann hátt ábyrgir fyrir mistökum í upptöku, röngum tíma, klukkustundum sem fara í súginn, eða nokkru öðrum óæskilegum hegðunum.</disclaimer>
    <disclaimer lang="it_IT">Questo è un software instabile! Gli autori non sono in alcun modo responsabili per registrazioni fallite, timer errati, ore sprecate o qualsiasi altro effetto indesiderato.</disclaimer>
    <disclaimer lang="ja_JP">これは不安定なソフトウェアです！　本プログラムの作者は、録画の失敗、正確に作動しなかったタイマー、無駄にした時間、その他あらゆる好ましくない結果について、責任を負いかねます。</disclaimer>
    <disclaimer lang="ko_KR">완성되지 않은 소프트웨어입니다! 개발자는 녹화와 예약의 실패, 시간 허비나 다른 의도하지 않은 결과에 대한 책임을 지지 않습니다.</disclaimer>
    <disclaimer lang="lt_LT">Tai nestabili programinė įranga! Autoriai jokiu būdu neatsako už nepavykusius įrašus, neteisingus laikmačius, sugaištas valandas ar bet kokius kitus nepageidaujamus padarinius.</disclaimer>
    <disclaimer lang="lv_LV">Šī ir nestabila programmatūra! Autori nav atbildīgi par nesanākušiem ierakstiem, nepareiziem taimeriem, iztērētām stundām vai jebkādiem citiem nevēlamiem efektiem.</disclaimer>
    <disclaimer lang="mk_MK">Ова е нестабилен софтвер! Авторите на ниту еден начин не одговараат за неуспешни снимки, неточни тајмери, потрошени часови, или било кои други несакани ефекти.</disclaimer>
    <disclaimer lang="mn_MN">Тус програм нь гүйцэд хийгдэж дуусаагүй! Зохиогч нь алдаатай бичлэг, цагийн буруу хөтлөлт, алдагдсан цаг хугацаа эсвэл бусад ямар нэгэн хүсээгүй үр дүнд хариуцлага хүлээхгүй.</disclaimer>
    <disclaimer lang="ms_MY">Ini merupakan perisian tidak stabil! Pengarang tidak bertanggungjawab atas kegagalan rakaman, pemasa tidak betul, masa yang dibazirkan, atau apa jua kesan yang tidak dikehendaki.</disclaimer>
    <disclaimer lang="mt_MT">Dan il-programm mhuwiex stabbli! L-Awturi m'humiex responsabbli bl-ebda mod għal rekordings li ma jirnexxewx, arloġġi żbaljati, siegħat moħlija, jew kwalunkwe effett ieħor mhux mixtieq.</disclaimer>
    <disclaimer lang="nb_NO">Dette er ustabil programvare! Forfatterne er på ingen måte ansvarlige for feilaktig opptak, uriktige tidsur, bortkastet tid, eller alle andre uønskede følger.</disclaimer>
    <disclaimer lang="nl_NL">Dit is instabiele software! De makers zijn op geen enkele wijze verantwoordelijk voor foutieve opnames, incorrecte timers, verloren uren, of andere ongewenste bijverschijnselen.</disclaimer>
    <disclaimer lang="pl_PL">Oprogramowanie nadal jest w fazie rozwoju i jest niestabilne! Autorzy w żaden sposób nie są odpowiedzialni za nieudane nagrania, błędy w harmonogramie nagrań, zmarnowany czas ani jakiekolwiek inne niepożądane efekty.</disclaimer>
    <disclaimer lang="pt_BR">Este é um software instável! Os autores não são responsáveis por falhas nas gravações, agendamentos incorretos, horas dispendidas, ou quaisquer outros efeitos indesejáveis</disclaimer>
    <disclaimer lang="pt_PT">Este software é instável! Os autores não podem ser responsabilizados por gravações falhadas, temporizadores incorretos, horas desperdiçadas ou qualquer outro tipo de efeitos indesejáveis.</disclaimer>
    <disclaimer lang="ro_RO">Acesta nu este o aplicație definitivă! Autorii nu sunt în nici un fel responsabili pentru înregistrări eșuate, cronometre incorecte, ore pierdute, sau orice alte efecte nedorite.</disclaimer>
    <disclaimer lang="ru_RU">Это тестовое программное обеспечение! Авторы не несут никакой ответственности за неудачные записи, неправильные таймеры, потраченные впустую часы или любые другие нежелательные последствия.</disclaimer>
    <disclaimer lang="si_LK">මෙය අස්ථිර මෘදුකාංගයකි! මෙහි සිදුවන පටිගත කිරීම් අසාර්ථක වීම්, සාවද්‍ය මුහුර්තක, නාස්ති වූ කාලයන්, හෝ වෙනත් යමිකිසි නුසුදුසු බලපෑම් සඳහා කතෘ වග කියනු නොලැබේ.</disclaimer>
    <disclaimer lang="sk_SK">Ide o nestabilný softvér! Autori nijako nezodpovedajú za zlyhanie nahrávok, nesprávne časovače, stratu času alebo iné nežiaduce efekty.</disclaimer>
    <disclaimer lang="sl_SI">To je nestabilna programska oprema! Avtorji niso odgovorni za neuspela snemanja, nepravilne časovnike, zapravljen čas in katerikoli drug neželen učinek.</disclaimer>
    <disclaimer lang="sq_AL">Ky është program i paqëndrueshëm! Autorët e këtij programi nuk janë në as një mënyrë përgjegjës për regjistrime të gabuara, kohëmatës të pasaktë, kohë të humbur ose efekte të tillë të padëshirueshëm.</disclaimer>
    <disclaimer lang="sr_RS">Овај софтвер је нестабилан! Аутори ни на који начин нису одговорни за неуспела снимања, неисправне тајмере, изгубљене сате, или било које друге нежељене ефекте.</disclaimer>
    <disclaimer lang="sr_RS@latin">Ovaj softver je nestabilan! Autori ni na koji način nisu odgovorni za neuspela snimanja, neispravne tajmere, izgubljene sate, ili bilo koje druge neželjene efekte.</disclaimer>
    <disclaimer lang="sv_SE">Detta är instabil mjukvara! Upphovsmännen är inte ansvariga för misslyckade inspelningar, felaktiga timers, bortslösade timmar, eller någon annan oönskad effekt.</disclaimer>
    <disclaimer lang="szl">To je niystabilny softwer! Autōry niy sōm ôdpedzialne za niypodarzōne graniy, niynŏleżne godziny EPG, stracōne godziny i inksze niychciane efekty.</disclaimer>
    <disclaimer lang="te_IN">ఇది అస్థిర సాఫ్ట్వేర్! విఫలమైన రికార్డింగ్లు, తప్పు టైమర్లు, వృధా గంటల, లేదా ఏ ఇతర అవాంఛనీయ ప్రభావాలకు ఏ విధంగా రచయితలు భాద్యుతులు కారు.</disclaimer>
    <disclaimer lang="tg_TJ">Ин нармафзори ноустувор аст! Муаллифон барои вайрониҳои сабт, вақтсанҷҳои нодуруст, соатҳои бефоида ва дигар таъсирҳои номатлуб ҷавобгар намебошанд.</disclaimer>
    <disclaimer lang="th_TH">นี่คือโปรแกรมที่ยังไม่เสถียร! ผู้เขียนไม่อยู่ในทางที่จะรับผิดชอบในการบันทึกที่ล้มเหลว, การตั้งเวลาที่ไม่ถูกต้อง, การเสียเวลา, หรือผลกระทบที่ไม่พึงประสงค์อื่น ๆ.</disclaimer>
    <disclaimer lang="tr_TR">Bu kararsız bir yazılımdır! Yapımcılar hatalı kayıtlardan, bozuk sürelerden, harcanan vakitten veya herhangi bir olumsuz etkiden dolayı sorumlu tutulamaz.</disclaimer>
    <disclaimer lang="uk_UA">Це нестабільна програма! Автори не несуть жодної відповідальності за зіпсуті записи, неправильні таймери, витрачений час та будь-які інші небажані ефекти.</disclaimer>
    <disclaimer lang="vi_VN">Đây là phần mềm không ổn định! Các tác giả không chịu trách nhiệm đối với bản ghi chương trình thất bại, hẹn giờ không chính xác, giờ lãng phí, hoặc bất kỳ tác dụng không mong muốn khác.</disclaimer>
    <disclaimer lang="zh_CN">这是不稳定版的软件！作者不对录像失败、错误定时造成时间浪费或其它不良影响负责。</disclaimer>
    <disclaimer lang="zh_TW">這是測試版軟體！其原創作者並無法對於以下情況負責，包含：錄影失敗，不正確的定時設定，多餘時數，或任何產生的其它不良影響.</disclaimer>
  </extension>
</addon>
