<?xml version="1.0" encoding="UTF-8" standalone="yes"?>
<addon id="virtual.dvb-tools"
       name="DVB Tools"
       version="22.0.2.0"
       provider-name="Team CoreELEC">
  <requires>
    <import addon="xbmc.python" version="3.0.0"/>

  </requires>
  <extension point="xbmc.python.script" library="default.py">
    <provides></provides>
  </extension>
  <extension point="xbmc.addon.metadata">
    <summary>DVB-Tools: is a bundle of dvb tools and programs</summary>
    <description>
This bundle currently includes blindscan-s2, dvb-apps (dvbdate, dvbnet, dvbscan, dvbtraffic, femon, scan, {acst}zap), dvblast, dvbsnoop, mumudvb, szap-s2, tune-s2, t2scan and w_scan.
    </description>
    <disclaimer>

    </disclaimer>
    <platform>all</platform>
    <news>
initial release
    </news>
    <assets>
      <icon>resources/icon.png</icon>
      <fanart>resources/fanart.png</fanart>

    </assets>
  </extension>
</addon>
