<?xml version="1.0" encoding="UTF-8" standalone="yes"?>
<addon id="service.bluetooth-audio"
       name="Bluetooth Audio Device Changer"
       version="22.0.2.0"
       provider-name="Team CoreELEC">
  <requires>
    <import addon="xbmc.python" version="3.0.0"/>

  </requires>
  <extension point="xbmc.service" library="default.py">
    <provides></provides>
  </extension>
  <extension point="xbmc.addon.metadata">
    <summary>bluetooth-audio: Add-on removed</summary>
    <description>
bluetooth-audio: Add-on removed
    </description>
    <disclaimer>

    </disclaimer>
    <broken>
Add-on removed as the bluetooth audio auto connect is handled by CoreELEC settings.
    </broken>
    <platform>all</platform>
    <news>
initial release
    </news>
    <assets>
      <icon>resources/icon.png</icon>
      <fanart>resources/fanart.png</fanart>

    </assets>
  </extension>
</addon>
