<?xml version="1.0" encoding="UTF-8"?>
<addon id="game.libretro.uae4arm" name="Commodore - Amiga (UAE4ARM)" version="0.5.0.6.2" provider-name="TomB/Chips-fr">
  <requires>
    <import addon="game.libretro" version="1.0.0"/>
    <import addon="game.controller.default" version="1.0.0"/>
    <import addon="game.controller.keyboard" version="1.0.0"/>
    <import addon="game.controller.mouse" version="1.0.0"/>
  </requires>
  <extension point="kodi.gameclient" library_linux="game.libretro.uae4arm.so">
    <platforms/>
    <extensions>adf|dms|zip|ipf|hdf|lha|uae|cue|iso</extensions>
    <supports_vfs>false</supports_vfs>
    <supports_standalone>false</supports_standalone>
    <requires_opengl>false</requires_opengl>
  </extension>
  <extension point="xbmc.addon.metadata">
    <license>GPLv2</license>
    <platform/>
    <source>https://github.com/kodi-game/game.libretro.uae4arm</source>
    <assets>
      <icon>resources/icon.png</icon>
    </assets>
    <summary lang="da_DK">Commodore - Amiga (UAE4ARM)</summary>
    <summary lang="en_GB">Commodore - Amiga (UAE4ARM)</summary>
    <summary lang="es_ES">Commodore - Amiga (UAE4ARM)</summary>
    <summary lang="zh_CN">Commodore - Amiga (UAE4ARM)</summary>
    <description lang="da_DK">UAE står for Ubiquitous Amiga Emulator. UAE4ARM er optimeret til Android og Raspberry Pi.</description>
    <description lang="en_GB">UAE stands for the Ubiquitous Amiga Emulator. UAE4ARM is optimized for Android and the Raspberry Pi.</description>
    <description lang="es_ES">UAE es el acróstico de Ubiquitous Amiga Emulator (Emulador de Amiga Ubicuo). UAE4ARM esta optimizado para Android y Raspberry Pi.</description>
    <description lang="zh_CN">UAE 即 Ubiquitous Amiga Emulator（无处不在的 Amiga 模拟器）。UAE4ARM 针对 Android 和树莓派进行了优化。</description>
  </extension>
</addon>
