<?xml version="1.0" encoding="UTF-8" standalone="yes"?>
<addon id="service.ntfs3g"
       name="NTFS-3G"
       version="22.0.2.1"
       provider-name="Team CoreELEC">
  <requires>
    <import addon="xbmc.python" version="3.0.0"/>

  </requires>
  <extension point="xbmc.service" library="default.py">
    <provides></provides>
  </extension>
  <extension point="xbmc.addon.metadata">
    <summary>NTFS-3G for udevil</summary>
    <description>
NTFS-3G for udevil overrides the NTFS3 kernel driver with the NTFS-3G userspace driver used in older LibreELEC releases.
    </description>
    <disclaimer>

    </disclaimer>
    <platform>all</platform>
    <news>
initial release
    </news>
    <assets>
      <icon>resources/icon.png</icon>
      <fanart>resources/fanart.png</fanart>

    </assets>
  </extension>
</addon>
