<?xml version="1.0" encoding="UTF-8"?>
<logicaltopology>
  <port type="keyboard">
    <accepts controller="game.controller.amstrad.keyboard"/>
  </port>
  <port type="mouse">
    <accepts controller="game.controller.mouse"/>
  </port>
  <port type="controller" id="1">
    <accepts controller="game.controller.amstrad.joystick"/>
    <accepts controller="game.controller.amstrad.keyboard"/>
  </port>
  <port type="controller" id="2">
    <accepts controller="game.controller.amstrad.joystick"/>
  </port>
</logicaltopology>
