<?xml version="1.0" encoding="UTF-8" standalone="yes"?>
<addon id="AVL6862" name="AVL6862 driver for Amlogic DVB Frontend" version="22.0.2.0" provider-name="Team CoreELEC">
  <requires>
    <import addon="xbmc.python" version="3.0.0"/>
  </requires>
  <extension point="xbmc.service" library="default.py">
    <provides/>
  </extension>
  <extension point="xbmc.addon.metadata">
    <summary>AVL6862 (autogenerated)</summary>
    <description>
AVL6862 driver for Amlogic DVB Frontend
    </description>
    <disclaimer>

    </disclaimer>
    <platform>all</platform>
    <news>
100
- Initial add-on
    </news>
    <assets>
      <icon>resources/icon.png</icon>
      <fanart>resources/fanart.png</fanart>
    </assets>
  </extension>
</addon>
