<?xml version="1.0" encoding="UTF-8" standalone="yes"?>
<addon id="service.minisatip"
       name="Minisatip"
       version="22.0.2.4"
       provider-name="Team CoreELEC">
  <requires>
    <import addon="xbmc.python" version="3.0.0"/>

  </requires>
  <extension point="xbmc.service" library="default.py">
    <provides></provides>
  </extension>
  <extension point="xbmc.addon.metadata">
    <summary>minisatip: a Sat>IP streaming server for Linux</summary>
    <description>
minisatip(): is a Sat>IP streaming server for Linux supporting DVB-C, DVB-S/S2, DVB-T/T2, ATSC and ISDB-T
    </description>
    <disclaimer>

    </disclaimer>
    <platform>all</platform>
    <news>
initial release
    </news>
    <assets>
      <icon>resources/icon.png</icon>
      <fanart>resources/fanart.png</fanart>

    </assets>
  </extension>
</addon>
