<?xml version="1.0" encoding="UTF-8"?>
<addon id="game.libretro.a5200" name="Atari - 5200 (a5200)" version="2.0.2.17.1" provider-name="Petr Stehlik, zx81, Alekmaul, wavemotion-dave">
  <requires>
    <import addon="game.libretro" version="1.0.0"/>
    <import addon="game.controller.atari.5200" version="1.0.32"/>
  </requires>
  <extension point="kodi.gameclient" library_linux="game.libretro.a5200.so">
    <platforms/>
    <extensions>a52|bin</extensions>
    <supports_vfs>true</supports_vfs>
    <supports_standalone>false</supports_standalone>
    <requires_opengl>false</requires_opengl>
  </extension>
  <extension point="xbmc.addon.metadata">
    <license>GPLv2</license>
    <platform/>
    <source>https://github.com/kodi-game/game.libretro.a5200</source>
    <assets>
      <icon>resources/icon.png</icon>
    </assets>
    <summary lang="da_DK">Atari - 5200 (a5200)</summary>
    <summary lang="en_GB">Atari - 5200 (a5200)</summary>
    <summary lang="es_ES">Atari - 5200 (a5200)</summary>
    <summary lang="it_IT">Atari - 5200 (a5200)</summary>
    <summary lang="zh_CN">雅达利 - 5200（a5200）</summary>
    <description lang="en_GB">a5200 is a port of the Atari 5200 emulator to libretro.[CR][CR]Originally developed for the GCW Zero, this core runs fast on low-powered hardware.</description>
    <description lang="es_ES">a5200 es un port del emulador de Atari 5200 de libretro.[CR][CR]Desarrollado originalmente para el GCW Zero, este core es más rápido en dispositivos de baja potencia.</description>
    <description lang="it_IT">a5200 è un port dell'emulatore Atari 5200 su libretro.[CR][CR]Sviluppato originariamente per GCW Zero, questo core funziona velocemente su hardware a bassa potenza.</description>
    <description lang="zh_CN">a5200 是雅达利 5200 模拟器到 libretro 的移植。[CR][CR]最初是为 GCW Zero 开发的，该核心在低功耗硬件上运行速度快。</description>
  </extension>
</addon>
