<?xml version="1.0" encoding="UTF-8" standalone="yes"?>
<addon id="service.minidlna"
       name="MiniDLNA (ReadyMedia)"
       version="21.1.1.0"
       provider-name="Team CoreELEC">
  <requires>
    <import addon="xbmc.python" version="3.0.0"/>

  </requires>
  <extension point="xbmc.service" library="default.py">
    <provides></provides>
  </extension>
  <extension point="xbmc.addon.metadata">
    <summary>MiniDLNA (ReadyMedia): a fully compliant DLNA/UPnP-AV server</summary>
    <description>
MiniDLNA () (ReadyMedia) is a media server, with the aim of being fully compliant with DLNA/UPnP-AV clients.
    </description>
    <disclaimer>

    </disclaimer>
    <platform>all</platform>
    <news>
initial release
    </news>
    <assets>
      <icon>resources/icon.png</icon>
      <fanart>resources/fanart.png</fanart>

    </assets>
  </extension>
</addon>
