<?xml version="1.0" encoding="UTF-8" standalone="yes"?>
<addon id="script.config.vdr" name="VDR Configuration" version="21.1.1.0" provider-name="Team LibreELEC">
  <requires>
    <import addon="xbmc.python" version="3.0.0"/>
  </requires>
  <extension library="default.py" point="xbmc.python.pluginsource">
    <provides>executable</provides>
  </extension>
  <extension point="xbmc.addon.metadata">
    <summary lang="de_DE">VDR-Sendersuchlauf und DiSEqC-Konfiguration</summary>
    <summary lang="en_GB">VDR channel scan and Diseqc Configuration</summary>
    <summary lang="en_US">VDR channel scan and DiSEqC Configuration</summary>
    <summary lang="lt_LT">VDR kanalų paieška ir Diseqc konfigūravimas</summary>
    <summary lang="nl_NL">VDR kanaal scan en Diseqc configuratie</summary>
    <summary lang="pl_PL">Skanowanie kanałów i konfiguracja Diseqc</summary>
    <summary lang="pt_BR">Escanear canais VDR e Configuração Diseqc</summary>
    <description lang="de_DE">VDR-Sendersuchlauf und DiSEqC-Konfiguration</description>
    <description lang="en_GB">VDR channel scan and Diseqc Configuration</description>
    <description lang="en_US">VDR channel scan and DiSEqC Configuration</description>
    <description lang="lt_LT">VDR kanalų paieška ir Diseqc konfigūravimas</description>
    <description lang="nl_NL">VDR kanaal scan en Diseqc configuratie</description>
    <description lang="pl_PL">Skanowanie kanałów i konfiguracja Diseqc</description>
    <description lang="pt_BR">Escanear canais VDR e Configuração Diseqc</description>
    <language/>
    <platform>all</platform>
    <news>
initial release
    </news>
    <assets><icon>resources/icon.png</icon><fanart>resources/fanart.png</fanart>

    </assets>
  </extension>
</addon>
