<?xml version="1.0" encoding="UTF-8"?>
<logicaltopology>
  <port id="1">
    <accepts controller="game.controller.nes"/>
    <accepts controller="game.controller.snes"/>
    <accepts controller="game.controller.snes.mouse"/>
  </port>
  <port id="2">
    <accepts controller="game.controller.nes"/>
    <accepts controller="game.controller.snes"/>
    <accepts controller="game.controller.snes.mouse"/>
  </port>
  <port id="3">
    <accepts controller="game.controller.nes"/>
  </port>
  <port id="4">
    <accepts controller="game.controller.nes"/>
  </port>
</logicaltopology>
