<?xml version="1.0" encoding="UTF-8"?>
<addon id="game.libretro.beetle-pce-fast" name="NEC - PC Engine / CD (Beetle PCE FAST)" version="1.31.0.49.2" provider-name="Mednafen Team">
  <requires>
    <import addon="game.libretro" version="1.0.0"/>
    <import addon="game.controller.pce" version="1.0.0"/>
  </requires>
  <extension point="kodi.gameclient" library_linux="game.libretro.beetle-pce-fast.so">
    <platforms>PCE</platforms>
    <extensions>pce|cue|ccd|chd|toc|m3u</extensions>
    <supports_vfs>false</supports_vfs>
    <supports_standalone>false</supports_standalone>
    <requires_opengl>false</requires_opengl>
  </extension>
  <extension point="xbmc.addon.metadata">
    <license>GPLv2</license>
    <platform/>
    <source>https://github.com/kodi-game/game.libretro.beetle-pce-fast</source>
    <assets>
      <icon>resources/icon.png</icon>
      <screenshot>resources/screenshot-01.jpg</screenshot>
      <screenshot>resources/screenshot-02.jpg</screenshot>
      <screenshot>resources/screenshot-03.jpg</screenshot>
    </assets>
    <summary lang="da_DK">NEC - PC Engine / CD (Beetle PCE FAST)</summary>
    <summary lang="en_GB">NEC - PC Engine / CD (Beetle PCE FAST)</summary>
    <summary lang="es_ES">NEC - PC Engine / CD (Beetle PCE RÁPIDO)</summary>
    <summary lang="zh_CN">NEC - PC 引擎 / CD (Beetle PCE FAST)</summary>
    <description lang="da_DK">Beetle PC Engine Fast er en fork af Mednafens PC Engine Fast-driver.[CR][CR]Sammenlignet med Beetle PC Engine bytter den hurtige version typisk unødvendig nøjagtighed væk til fordel for hastighed.</description>
    <description lang="de_DE">Beetle PC Engine Fast ist ein Fork des Treibers PC Engine Fast von Mednafen.[CR][CR]Im Vergleich zu Beetle PC Engine verzichtet die schnelle Version auf typischerweise unnötige Genauigkeit zu Gunsten von Geschwindigkeit.</description>
    <description lang="en_GB">Beetle PC Engine Fast is a fork of Mednafen's PC Engine Fast driver.[CR][CR]Compared to Beetle PC Engine, the fast version trades away typically unnecessary accuracy in favor of speed.</description>
    <description lang="es_ES">Beetle PC Engine Fast es una bifurcación del controlador PC Engine Fast de Mednafen[CR][CR]En comparación con Beetle PC Engine, la versión rápida sustituye la precisión innecesaria por la velocidad.</description>
    <description lang="zh_CN">Beetle PC Engine Fast 是 Mednafen 的 PC Engine Fast 驱动程序的一个分支。[CR][CR]与 Beetle PC Engine 相比，Fast 版本关注速度而非精确性。</description>
  </extension>
</addon>
