<?xml version="1.0" encoding="UTF-8"?>
<addon id="pvr.dvblink" version="21.1.1.2" name="TVMosaic/DVBLink PVR Client" provider-name="DVBLogic">
  <requires>
    <import addon="kodi.binary.global.main" minversion="2.0.0" version="2.0.2"/>
    <import addon="kodi.binary.global.general" minversion="1.0.4" version="1.0.5"/>
    <import addon="kodi.binary.global.gui" minversion="5.15.0" version="5.15.0"/>
    <import addon="kodi.binary.global.filesystem" minversion="1.1.7" version="1.1.8"/>
    <import addon="kodi.binary.instance.inputstream" minversion="3.3.0" version="3.3.0"/>
    <import addon="kodi.binary.instance.pvr" minversion="8.2.0" version="8.3.0"/>
  </requires>
  <extension point="kodi.pvrclient" library_linux="pvr.dvblink.so.21.1.1"/>
  <extension point="xbmc.addon.metadata">
    <platform/>
    <license>GPL-2.0-or-later</license>
    <source>https://github.com/kodi-pvr/pvr.argustv</source>
    <forum>https://forum.kodi.tv/forumdisplay.php?fid=236</forum>
    <assets>
      <icon>resources/icon.png</icon>
    </assets>
    <summary lang="af_ZA">PVR Inprop vir TVMosaic/DVBLink</summary>
    <summary lang="be_BY">Убудова PVR для TVMosaic/DVBLink</summary>
    <summary lang="bg_BG">ПВР добавка за TVMosaic/DVBLink</summary>
    <summary lang="ca_ES">Connector PVR per a TVMosaic/DVBLink</summary>
    <summary lang="cs_CZ">Doplněk nahrávač videa pro TVMosaic/DVBLink</summary>
    <summary lang="cy_GB">Ategyn Recordydd ar gyfer TVMosaic/DVBLink</summary>
    <summary lang="da_DK">PVR-plugin til TVMosaic/DVBLink</summary>
    <summary lang="de_DE">PVR-Plugin für TVMosaic/DVBLink</summary>
    <summary lang="el_GR">Plugin PVR για το TVMosaic/DVBLink</summary>
    <summary lang="en_AU">PVR Plugin for TVMosaic/DVBLink</summary>
    <summary lang="en_GB">PVR Plugin for TVMosaic/DVBLink</summary>
    <summary lang="en_NZ">PVR Plugin for TVMosaic/DVBLink</summary>
    <summary lang="en_US">PVR Plugin for TVMosaic/DVBLink</summary>
    <summary lang="es_AR">Plugin PVR para TVMosaic/DVBLink</summary>
    <summary lang="es_ES">Complemento PVR para TVMosaic/DVBLink</summary>
    <summary lang="es_MX">Complemento PVR para TVMosaic/DVBLink</summary>
    <summary lang="et_EE">PVR'i plugin DVBLingile</summary>
    <summary lang="fi_FI">TVMosaic-/DVBLink-tallenninlisäosa</summary>
    <summary lang="fr_CA">Plugiciel de numériscope pour TVMosaic/DVBLink</summary>
    <summary lang="fr_FR">Extension enregistreur vidéo (PVR) pour TVMosaic/DVBLink</summary>
    <summary lang="gl_ES">Complemento PVR do TVMosaic/DVBLink</summary>
    <summary lang="he_IL">לקוח טלוויזיה חיה עבור TVMosaic/DVBLink</summary>
    <summary lang="hr_HR">PVR dodatak za TVMosaic/DVBLink</summary>
    <summary lang="hu_HU">PVR kiegészítő a TVMosaic/DVBLink-hez</summary>
    <summary lang="id_ID">Plugin PVR untuk TVMosaic/DVBLink</summary>
    <summary lang="is_IS">PVR-upptökuviðbót fyrir TVMosaic/DVBLink</summary>
    <summary lang="it_IT">Plugin PVR per TVMosaic/DVBLink</summary>
    <summary lang="ja_JP">TVMosaic/DVBLink 用 PVR プラグイン</summary>
    <summary lang="ko_KR">TVMosaic/DVBLink를 위한 PVR 플러그인</summary>
    <summary lang="lt_LT">PVR įskiepis skirtas TVMosaic/DVBLink</summary>
    <summary lang="lv_LV">PVR spraudnis TVMosaic/DVBLink</summary>
    <summary lang="mk_MK">PVR Plugin за TVMosaic/DVBLink</summary>
    <summary lang="ms_MY">Pemalam PVR untuk TVMosaic/DVBLink</summary>
    <summary lang="mt_MT">PVR Plugin għal TVMosaic/DVBLink</summary>
    <summary lang="nb_NO">PVR-innstikk til TVMosaic/DVBLink</summary>
    <summary lang="nl_NL">PVR Plug-in voor TVMosaic/DVBLink</summary>
    <summary lang="pl_PL">Klient telewizji dla TVMosaic/DVBLink</summary>
    <summary lang="pt_BR">Plugin de PVR para TVMosaic/DVBLink</summary>
    <summary lang="pt_PT">Plug-in PVR para TVMosaic/DVBLink</summary>
    <summary lang="ro_RO">Plugin PVR pentru TVMosaic/DVBLink</summary>
    <summary lang="ru_RU">Дополнение PVR для TVMosaic/DVBLink</summary>
    <summary lang="si_LK">DBVLink සඳහා PVR පේනුකිරීම</summary>
    <summary lang="sk_SK">PVR zásuvný modul pre TVMosaic/DVBLink</summary>
    <summary lang="sl_SI">Vtičnik PVR za TVMosaic/DVBLink</summary>
    <summary lang="sr_RS">PVR Прикључак за TVMosaic/DVBLink</summary>
    <summary lang="sr_RS@latin">PVR Priključak za TVMosaic/DVBLink</summary>
    <summary lang="sv_SE">PVR-tillägg för TVMosaic/DVBLink</summary>
    <summary lang="szl">Klijynt telewizyjny dlŏ TVMosaic/DVBLink</summary>
    <summary lang="tr_TR">DVDLink için PVR Eklentisi</summary>
    <summary lang="uk_UA">PVR плагін для TVMosaic/DVBLink</summary>
    <summary lang="zh_CN">TVMosaic/DVBLink PVR 插件</summary>
    <summary lang="zh_TW">TVMosaic/DVBLink的PVR附加元件</summary>
    <description lang="af_ZA">PVR Inprop vir TVMosaic/DVBLink van DVBLogic (www.tv-mosaic.com); ondersteun stroom van lewendige TV &amp; opnames, EPG, tydhouers</description>
    <description lang="be_BY">Убудова для TVMosaic/DVBLink from DVBLogic (www.tv-mosaic.com). Падтрымліваецца прагляд струменевага ТБ і відэазапісаў, праслухоўванне радыёканалаў і праца з тэлегідам.</description>
    <description lang="bg_BG">ПВР добавка за TVMosaic/DVBLink от DVBLogic (www.tv-mosaic.com). Поддържа поточна телевизия и записване, електронен програмен справочник и броячи.</description>
    <description lang="ca_ES">Connector PVR per a TVMosaic/DVBLink de DVBLogic (www.tv-mosaic.com); compatible amb les transmissions en línia de TV en directe i enregistraments, guia electrònica de programació (EPG), temporitzadors</description>
    <description lang="cs_CZ">Doplněk PVR pro TVMosaic/DVBLink od DVBLogic (www.tv-mosaic.com); podporuje streamování živého vysílání a nahrávek, televizní program, časovače</description>
    <description lang="cy_GB">Ategyn amserydd ar gyfer TVMosaic/DVBLink gan DVBLogic (www.tv-mosaic.com); cefnogi ffrydio Teledu Byw a Recordiadau ac Amseryddion</description>
    <description lang="da_DK">PVR plugin til TVMosaic/DVBLink fra DVBLogic (www.tv-mosaic.com); understøtter streaming af direkte tv og optagelser, EPG, timeroptagelser.</description>
    <description lang="de_DE">PVR-Plugin für TVMosaic/DVBLink von DVBLogic (www.tv-mosaic.com); unterstützt das Streaming von Live-TV und Aufnahmen, EPG, Timer</description>
    <description lang="el_GR">Plugin PVR για το TVMosaic/DVBLink από το DVBLogic (www.tv-mosaic.com). Υποστηρίζει ροές πολυμέσων από LiveTV &amp; Εγγραφές, EPG, Χρονοδιακόπτες</description>
    <description lang="en_AU">PVR Plugin for TVMosaic/DVBLink from DVBLogic (www.tv-mosaic.com); supporting streaming of Live TV &amp; Recordings, EPG, Timers</description>
    <description lang="en_GB">PVR Plugin for TVMosaic/DVBLink from DVBLogic (www.tv-mosaic.com); supporting streaming of Live TV &amp; Recordings, EPG, Timers</description>
    <description lang="en_NZ">PVR Plugin for TVMosaic/DVBLink from DVBLogic (www.tv-mosaic.com); supporting streaming of Live TV &amp; Recordings, EPG, Timers</description>
    <description lang="en_US">PVR Plugin for TVMosaic/DVBLink from DVBLogic (www.tv-mosaic.com); supporting streaming of Live TV &amp; Recordings, EPG, Timers</description>
    <description lang="es_AR">Plugin PVR para TVMosaic/DVBLink de DVBLogic (www.tv-mosaic.com); soporta streaming de TV en vivo, grabaciones, guía de programación (EPG) y temporizadores</description>
    <description lang="es_ES">Complemento PVR para TVMosaic/DVBLink de DVBLogic (www.tv-mosaic.com); compatible con transmisión de TV en directo y grabaciones, EPG, temporizadores</description>
    <description lang="es_MX">Complemento PVR para TVMosaic/DVBLink de DVBLogic (www.tv-mosaic.com); soporta emisiones de TV en vivo, grabaciones, guía y grabaciones</description>
    <description lang="et_EE">PVR'i plugin DVBLogic (www.tv-mosaic.com)'ilt DVBLingile ; toetab tv ja salvestuste voogedastust, elektroonilist saatekeava ja taimereid</description>
    <description lang="fi_FI">DVBLogic TVMosaic/DVBLink-tallenninlisäosa (www.tv-mosaic.com). Tukee televisiolähetysten ja tallenteiden suoratoistoa, ohjelmaopasta ja ajastuksia.</description>
    <description lang="fr_CA">Plugiciel de numériscope pour TVMosaic/DVBLink de DVBLogic (www.tv-mosaic.com), prenant en charge la diffusion en continu de la télé en direct et les enregistrements, le GÉP et les minuteries</description>
    <description lang="fr_FR">Extension enregistreur vidéo (PVR) pour TVMosaic/DVBLink de DVBLogic (www.tv-mosaic.com). Gère la diffusion de la TV en direct et des enregistrements en direct, le guide électronique des programmes TV et les programmations</description>
    <description lang="gl_ES">Complemento PVR do TVMosaic/DVBLink de DVBLogic (www.tv-mosaic.com); soporta transmisión de TV en directo e Gravacións, Guía e temporizadores</description>
    <description lang="he_IL">לקוח טלוויזיה חיה של TVMosaic/DVBLink מ־DVBLogic (www.tv-mosaic.com). תומך בהזרמת שידורים חיים והקלטות, הצגת לוח שידורים ותזמון הקלטות.</description>
    <description lang="hr_HR">PVR dodatak za TVMosaic/DVBLink od DVBLogic (www.tv-mosaic.com); podržava strujanje TV programa i snimanje, elektronski programski vodič (EPG) i zakazana snimanja</description>
    <description lang="hu_HU">PVR kiegészítő a TVMosaic/DVBLink-hez a DVBLogic (www.tv-mosaic.com)-tól; támogatja az elő TV adásokat, felvételeket, EPG-t, időzítést.</description>
    <description lang="id_ID">Plugin PVR untuk TVMosaic/DVBLink dari DVBLogic (www.tv-mosaic.com); mendukung siaran dari Live TV dan Perekaman, EPG, dan Timer.</description>
    <description lang="is_IS">Upptökuviðbót (PVR) fyrir TVMosaic/DVBLink frá DVBLogic (www.tv-mosaic.com); styður streymingu á beinum útsendingum &amp; upptökum, rafræna dagskrárvísa (EPG), og tímaupptökur</description>
    <description lang="it_IT">Plugin PVR per TVMosaic/DVBLink da DVBLogic (www.tv-mosaic.com); supporta lo stream e la registrazione di Live TV, EPG, timer</description>
    <description lang="ja_JP">DvdLogic.com - TVMosaic/DVBLink の PVR プラグインです。ライブTV ストリーミング、録画、EPG、タイマーをサポートしています</description>
    <description lang="ko_KR">DVBLogic (www.tv-mosaic.com)의 TVMosaic/DVBLink를 위한 PVR 플러그인. 라이브 TV 스트리밍, 녹화, EPG, 타이머를 지원합니다</description>
    <description lang="lt_LT">PVR įskiepis skirtas TVMosaic/DVBLink iš DVBLogic (www.tv-mosaic.com); palaiko Live TV transliaciją ir įrašymus, EPG, laikmačius</description>
    <description lang="lv_LV">PVR spraudnis TVMosaic/DVBLink no DVBLogic (www.tv-mosaic.com); atbalsta tiešraides TV un ierakstu straumēšanu, EPG, taimerus</description>
    <description lang="mk_MK">PVR Plugin за TVMosaic/DVBLink од DVBLogic (www.tv-mosaic.com); поддржува емитување на Live TV &amp; Снимки, EPG, Тајмери</description>
    <description lang="ms_MY">Pemalam PVR untuk TVMosaic/DVBLink dari DVBLogic (www.tv-mosaic.com); menyokong penstriman Siaran Langsung &amp; Rakaman, EPG dan Pemasa</description>
    <description lang="mt_MT">PVR Plugin għal TVMosaic/DVBLink minn DVBLogic (www.tv-mosaic.com); jiflaħ streaming ta' TV Lajv u Rekordings, EPG, Arloġġi</description>
    <description lang="nb_NO">PVR-innstikk til TVMosaic/DVBLink fra DVBLogic (www.tv-mosaic.com) - støtter strømming av direkte-TV, opptak, EPG og tidsur.</description>
    <description lang="nl_NL">PVR plug-in voor TVMosaic/DVBLink van DVBLogic (www.tv-mosaic.com); ondersteunt het streamen van Live-TV &amp; opnames, EPG, Timers</description>
    <description lang="pl_PL">Klient telewizji dla TVMosaic/DVBLink od DVBLogic (www.tv-mosaic.com) obsługuje transmisję kanałów radiowych i telewizyjnych, nagrywanie i harmonogram nagrań oraz funkcje przewodnika telewizyjnego</description>
    <description lang="pt_BR">Plugin de PVR para TVMosaic/DVBLink de DVBLogic (www.tv-mosaic.com); suporta streaming de tv ao vivo e gravações, EPG, Agendamentos</description>
    <description lang="pt_PT">Plugin PVR para TVMosaic/DVBLink de DVBLogic (www.tv-mosaic.com); suporta transmissão e gravação de TV em Direto, EPG e temporizadores.</description>
    <description lang="ro_RO">Plugin PVR pentru TVMosaic/DVBLink de la DVBLogic (www.tv-mosaic.com); se poate difuza în flux a televiziunii în direct și a înregistrăriilor, EPG, Cronometre</description>
    <description lang="ru_RU">Плагин PVR для TVMosaic/DVBLink с сайта DVBLogic (www.tv-mosaic.com); поддержка трансляции Прямого вещания и записей Live TV &amp; Recordings, EPG, Таймеров</description>
    <description lang="si_LK">DVBLogic (www.tv-mosaic.com) වලින් DBVLink සඳහා PVR පේනුකිරීම; සජීව රූපවාහිනී සහ පටිගත කිරීම් ප්‍රවාහන කිරීම ,EPG, මුහුර්තක උදව්</description>
    <description lang="sk_SK">PVR zásuvný modul pre TVMosaic/DVBLink od firmy DVBLogic (www.tv-mosaic.com); je podporované streamovanie živého televízneho vysielania a nahrávok, EPG, časovačov</description>
    <description lang="sl_SI">Vtičnik PVR za TVMosaic/DVBLink z DVBLogic (www.tv-mosaic.com); podpira predvajanje televizije v živo &amp; posnetkov, EPG, časovnike.</description>
    <description lang="sr_RS">PVR Прикључак за TVMosaic/DVBLink од DVBLogic (www.tv-mosaic.com); подржава стримовање ТВ Уживо &amp; Снимака, EPG, Тајмере</description>
    <description lang="sr_RS@latin">PVR Priključak za TVMosaic/DVBLink od DVBLogic (www.tv-mosaic.com); podržava strimovanje TV Uživo &amp; Snimaka, EPG, Tajmere</description>
    <description lang="sv_SE">PVR-tillägg för TVMosaic/DVBLink från DVBLogic (www.tv-mosaic.com); stödjer strömmning av Live-TV &amp; Inspelningar, EPG, Timers</description>
    <description lang="szl">Klijynt telewizyjny dlŏ TVMosaic/DVBLink ôd DVBLogic (www.tv-mosaic.com) podpiyrŏ szpricowanie kanałōw radyjowych i telewizyjnych, nagrowanie i harmonogram nagrań aji funkcyje ôkludzŏcza telewizyjnygo.</description>
    <description lang="tr_TR">DVBLogic (www.tv-mosaic.com)'dan TVMosaic/DVBLink için PVR Eklentisi; Canlı TV akışı ve Kayıtları, EPG, Zamanlayıcıları destekler</description>
    <description lang="uk_UA">PVR плагін для TVMosaic/DVBLink з DVBLogic (www.tv-mosaic.com); підтримує потоки Live TV, запис, програму передач, таймери.</description>
    <description lang="zh_CN">来自 DVBLogic (www.tv-mosaic.com) 的 TVMosaic/DVBLink 的 PVR 插件，支持直播电视播放和录制、电子节目单、定时器</description>
    <description lang="zh_TW">DVBLogic (www.tv-mosaic.com)所開發的TVMosaic/DVBLink用PVR附加元件; 支援即時電視節目串流及錄影,電子節目表,定時器</description>
    <disclaimer lang="af_ZA">Hierdie is onstabiele sagteware! Die outeurs is op geen manier verantwoordelik vir gefaalde opnames, inkorrekte tydhouers, gemorsde ure, of enige ander ongewensde effekte.</disclaimer>
    <disclaimer lang="bg_BG">Тази програма е нестабилна! Авторите не носят отговорност за неуспешно записване, некоректни броячи, пропиляно време и други нежелани ефекти.</disclaimer>
    <disclaimer lang="ca_ES">Això és programari inestable! Els autors no són de cap manera responsables dels enregistraments que han fallat, temporitzadors incorrectes, hores perdudes, o qualssevol altres efectes no desitjats.</disclaimer>
    <disclaimer lang="cs_CZ">Tento software není stabilní! Autoři nejsou žádným způsobem zodpovědní za neúspěšná nahrávání, chybné časovače, ztracený čas nebo jakékoliv jiné nežádoucí výsledky.</disclaimer>
    <disclaimer lang="cy_GB">Mae hwn yn feddalwedd ansad! Nid yw'r awduron yn gyfrifol mewn unrhyw ffordd am fethu recordio, amseru gwallus, oriau wedi eu gwastraffu nac effeithiau anymunol eraill.</disclaimer>
    <disclaimer lang="da_DK">Denne software er ustabil. Udviklerne er på ingen måde ansvarlige for mislykkede optagelser, fejlagtige timere, spildte timer eller andre uønskede konsekvenser.</disclaimer>
    <disclaimer lang="de_DE">Diese Software ist noch in der Entwicklung! Die Autoren sind nicht für fehlgeschlagene Aufnahmen, falsche Timer, verschwendete Zeit oder andere ungewollte Effekte verantwortlich.</disclaimer>
    <disclaimer lang="el_GR">Ασταθές πρόγραμμα! Οι δημιουργοί δεν είναι σε καμία περίπτωση υπεύθυνοι για αποτυχημένες εγγραφές, λανθασμένους χρονοδιακόπτες, χαμένες ώρες, ή κάθε είδους ανεπιθύμητα αποτελέσματα.</disclaimer>
    <disclaimer lang="en_AU">This is unstable software! The authors are in no way responsible for failed recordings, incorrect timers, wasted hours, or any other undesirable effects.</disclaimer>
    <disclaimer lang="en_GB">This is unstable software! The authors are in no way responsible for failed recordings, incorrect timers, wasted hours, or any other undesirable effects.</disclaimer>
    <disclaimer lang="en_NZ">This is unstable software! The authors are in no way responsible for failed recordings, incorrect timers, wasted hours, or any other undesirable effects.</disclaimer>
    <disclaimer lang="en_US">This is unstable software! The authors are in no way responsible for failed recordings, incorrect timers, wasted hours, or any other undesirable effects.</disclaimer>
    <disclaimer lang="es_AR">¡Este software es inestable! Los autores no se responsabilizan por grabaciones fallidas, temporizadores incorrectos, horas perdidas, o cualquier otro efecto no deseado.</disclaimer>
    <disclaimer lang="es_ES">¡Este software es inestable! Los autores no se hacen responsables de grabaciones fallidas, temporizadores incorrectos, horas perdidas o cualquier otro efecto no deseado.</disclaimer>
    <disclaimer lang="es_MX">¡Esto es software inestable! Los autores no son responsables de ninguna forma por grabaciones fallidas, temporizadores incorrectos, horas perdidas, o cualquier otro efecto no deseado.</disclaimer>
    <disclaimer lang="et_EE">See on ebastabiilne tarkvara! Autorid ei ole kuidagi moodi vastutavad nurjunud salvestiste, vale taimeri, raisatud aja ega muude soovimatute asjade eest.</disclaimer>
    <disclaimer lang="eu_ES">Software hau ezegonkorra da! Egilea ez da arduratzen grabazio-erroreetaz, kronometro-erroreetaz, ordu galduetaz edo beste edozein ondorio ezerosoetaz.</disclaimer>
    <disclaimer lang="fi_FI">Tämä on epävakaa ohjelmisto! Sen kehittäjät eivät ole millään tavoin vastuussa epäonnistuneista tallennuksista, virheellisistä ajastuksista, hukatusta ajasta tai mistään muistakaan ei-toivotuista seurauksista.</disclaimer>
    <disclaimer lang="fr_CA">Ce logiciel est instable ! Les auteurs ne sont aucunement responsables des enregistrements défaillants, des minuteries erronées, des heures perdues ou tout autre effet indésirable.</disclaimer>
    <disclaimer lang="fr_FR">Logiciel en cours d'élaboration ! Les auteurs ne sont en aucun cas responsables de l'échec des enregistrements, programmations défectueuses, temps perdu ou autres effets indésirables.</disclaimer>
    <disclaimer lang="gl_ES">Este é software non estable, os autores non se fan responsábeis dos erros nas gravacións, temporizadores incorrectos, e outros efectos non desexados.</disclaimer>
    <disclaimer lang="he_IL">זוהי איננה הרחבה יציבה! המפתחים אינם אחראים על כשלון בניגון, זמנים שגויים במדריך השידורים, שעות מבוזבזות או כל תופעה לא רצויה אחרת.</disclaimer>
    <disclaimer lang="hr_HR">Ovo je nestabilan softver! Autori nisu ni na koji način odgovorni za neuspjelo snimanje, netočna zakazana snimanja, izgubljene sate, ili bilo koje druge neželjene učinke.</disclaimer>
    <disclaimer lang="hu_HU">Ez nem stabil szoftver! A készítők nem vállalnak felelősséget, a hibás felvételért, rossz időzítésért, elvesztegetett időért.</disclaimer>
    <disclaimer lang="hy_AM">Սա անկայուն ծրագրային ապահովում է: Հեղինակները պատասխանատու չեն վատ ձայնագրումների, սխալ ժամանակացույցերի, կորած ժամանակի կամ այլ ոչ ցանկալի երևույթների համար:</disclaimer>
    <disclaimer lang="id_ID">Ini merupakan software yang tidak stabil! Penulis tidak bertanggung jawab untuk rekaman gagal, timer salah, waktu terbuang, atau efek tak diinginkan lainnya.</disclaimer>
    <disclaimer lang="is_IS">Þetta er óstöðugur hugbúnaður! Höfundar eru á engann hátt ábyrgir fyrir mistökum í upptöku, röngum tíma, klukkustundum sem fara í súginn, eða nokkru öðrum óæskilegum hegðunum.</disclaimer>
    <disclaimer lang="it_IT">Questo è un software instabile! Gli autori non sono in alcun modo responsabili per registrazioni fallite, timer errati, ore sprecate o qualsiasi altro effetto indesiderato.</disclaimer>
    <disclaimer lang="ja_JP">これは不安定なソフトウェアです！　本プログラムの作者は、録画の失敗、正確に作動しなかったタイマー、無駄にした時間、その他あらゆる好ましくない結果について、責任を負いかねます。</disclaimer>
    <disclaimer lang="ko_KR">완성되지 않은 소프트웨어입니다! 개발자는 녹화와 예약의 실패, 시간 허비나 다른 의도하지 않은 결과에 대한 책임을 지지 않습니다.</disclaimer>
    <disclaimer lang="lt_LT">Tai nestabili programinė įranga! Autoriai jokiu būdu neatsako už nepavykusius įrašus, neteisingus laikmačius, sugaištas valandas ar bet kokius kitus nepageidaujamus padarinius.</disclaimer>
    <disclaimer lang="lv_LV">Šī ir nestabila programmatūra! Autori nav atbildīgi par nesanākušiem ierakstiem, nepareiziem taimeriem, iztērētām stundām vai jebkādiem citiem nevēlamiem efektiem.</disclaimer>
    <disclaimer lang="mk_MK">Ова е нестабилен софтвер! Авторите на ниту еден начин не одговараат за неуспешни снимки, неточни тајмери, залудно потрошени часови, или било кои други несакани ефекти.</disclaimer>
    <disclaimer lang="mn_MN">Тус програм нь гүйцэд хийгдэж дуусаагүй! Зохиогч нь алдаатай бичлэг, цагийн буруу хөтлөлт, алдагдсан цаг хугацаа эсвэл бусад ямар нэгэн хүсээгүй үр дүнд хариуцлага хүлээхгүй.</disclaimer>
    <disclaimer lang="ms_MY">Ini merupakan perisian tidak stabil! Pengarang tidak bertanggungjawab atas kegagalan rakaman, pemasa tidak betul, masa yang dibazirkan, atau apa jua kesan yang tidak dikehendaki.</disclaimer>
    <disclaimer lang="mt_MT">Dan il-programm mhuwiex stabbli! L-Awturi m'humiex responsabbli bl-ebda mod għal rekordings li ma jirnexxewx, arloġġi żbaljati, siegħat moħlija, jew kwalunkwe effett ieħor mhux mixtieq.</disclaimer>
    <disclaimer lang="nb_NO">Dette er ustabil programvare! Forfatterne er på ingen måte ansvarlige for feilaktig opptak, uriktige tidsur, bortkastet tid, eller alle andre uønskede følger.</disclaimer>
    <disclaimer lang="nl_NL">Dit is instabiele software! De auteurs zijn op geen enkele wijze verantwoordelijk voor mislukte opnames, onjuiste timers, verspilde uren of andere ongewenste effecten .</disclaimer>
    <disclaimer lang="pl_PL">Oprogramowanie nadal jest w fazie rozwoju i jest niestabilne! Autorzy w żaden sposób nie są odpowiedzialni za nieudane nagrania, błędy w harmonogramie nagrań, zmarnowany czas ani jakiekolwiek inne niepożądane efekty.</disclaimer>
    <disclaimer lang="pt_BR">Este é um software instável! Os autores não são responsáveis por falhas nas gravações, agendamentos incorretos, horas dispendidas, ou quaisquer outros efeitos indesejáveis</disclaimer>
    <disclaimer lang="pt_PT">Este software é instável! Os autores não podem ser responsabilizados por gravações falhadas, temporizadores incorretos, horas desperdiçadas ou qualquer outro tipo de efeitos indesejáveis.</disclaimer>
    <disclaimer lang="ro_RO">Acesta este o aplicație instabilă! Autorii nu sunt în nici un fel responsabili pentru înregistrări eșuate, cronometre incorecte, ore pierdute, sau orice alte efecte nedorite.</disclaimer>
    <disclaimer lang="ru_RU">Это тестовое программное обеспечение! Авторы не несут никакой ответственности за неудачные записи, неправильные таймеры, потраченные впустую часы или любые другие нежелательные последствия.</disclaimer>
    <disclaimer lang="si_LK">මෙය අස්ථිර මෘදුකාංගයකි! මෙහි සිදුවන පටිගත කිරීම් අසාර්ථක වීම්, සාවද්‍ය මුහුර්තක, නාස්ති වූ කාලයන්, හෝ වෙනත් යමිකිසි නුසුදුසු බලපෑම් සඳහා කතෘ වග කියනු නොලැබේ.</disclaimer>
    <disclaimer lang="sk_SK">Ide o nestabilný softvér! Autori nijako nezodpovedajú za zlyhanie nahrávok, nesprávne časovače, stratu času alebo iné nežiaduce efekty.</disclaimer>
    <disclaimer lang="sl_SI">To je nestabilna programska oprema! Avtorji niso odgovorni za neuspela snemanja, nepravilne časovnike, zapravljen čas in katerikoli drug neželen učinek.</disclaimer>
    <disclaimer lang="sq_AL">Ky është program i paqëndrueshëm! Autorët e këtij programi nuk janë në as një mënyrë përgjegjës për regjistrime të gabuara, kohëmatës të pasaktë, kohë të humbur ose efekte të tillë të padëshirueshëm.</disclaimer>
    <disclaimer lang="sr_RS">Овај софтвер је нестабилан! Аутори ни на који начин нису одговорни за неуспела снимања, неисправне тајмере, изгубљене сате, или било које друге нежељене ефекте.</disclaimer>
    <disclaimer lang="sr_RS@latin">Ovaj softver je nestabilan! Autori ni na koji način nisu odgovorni za neuspela snimanja, neispravne tajmere, izgubljene sate, ili bilo koje druge neželjene efekte.</disclaimer>
    <disclaimer lang="sv_SE">Detta är instabil mjukvara! Upphovsmännen är inte ansvariga för misslyckade inspelningar, felaktiga timers, bortslösade timmar, eller någon annan oönskad effekt.</disclaimer>
    <disclaimer lang="szl">To software je niysztabilne! Autory w żŏdyn knif niy ôdpadajōm za niypodarzōne nagrania, felery w harmōnogramie nagrań, potracōne godziny a tyż jake ino inksze niynazdane efekty.</disclaimer>
    <disclaimer lang="te_IN">ఇది అస్థిర సాఫ్ట్వేర్! విఫలమైన రికార్డింగ్లు, తప్పు టైమర్లు, వృధా గంటల, లేదా ఏ ఇతర అవాంఛనీయ ప్రభావాలకు ఏ విధంగా రచయితలు భాద్యుతులు కారు.</disclaimer>
    <disclaimer lang="tg_TJ">Ин нармафзори ноустувор аст! Муаллифон барои вайрониҳои сабт, вақтсанҷҳои нодуруст, соатҳои бефоида ва дигар таъсирҳои номатлуб ҷавобгар намебошанд.</disclaimer>
    <disclaimer lang="th_TH">นี่คือโปรแกรมที่ยังไม่เสถียร! ผู้เขียนไม่อยู่ในทางที่จะรับผิดชอบในการบันทึกที่ล้มเหลว, การตั้งเวลาที่ไม่ถูกต้อง, การเสียเวลา, หรือผลกระทบที่ไม่พึงประสงค์อื่น ๆ.</disclaimer>
    <disclaimer lang="tr_TR">Bu kararsız bir yazılımdır! Yapımcılar hatalı kayıtlardan, bozuk sürelerden, harcanan vakitten veya herhangi bir olumsuz etkiden dolayı sorumlu tutulamaz.</disclaimer>
    <disclaimer lang="uk_UA">Це нестабільна програма! Автори не несуть жодної відповідальності за зіпсуті записи, неправильні таймери, витрачений час та будь-які інші небажані ефекти.</disclaimer>
    <disclaimer lang="vi_VN">Đây là phần mềm không ổn định! Các tác giả không chịu trách nhiệm đối với bản ghi chương trình thất bại, hẹn giờ không chính xác, giờ lãng phí, hoặc bất kỳ tác dụng không mong muốn khác.</disclaimer>
    <disclaimer lang="zh_CN">这是不稳定版的软件！作者不对录像失败、错误定时造成时间浪费或其它不良影响负责。</disclaimer>
    <disclaimer lang="zh_TW">這是測試版軟體！其原創作者並無法對於以下情況負責，包含：錄影失敗，不正確的定時設定，多餘時數，或任何產生的其它不良影響.</disclaimer>
  </extension>
</addon>
