<?xml version="1.0" encoding="UTF-8"?>
<addon id="game.libretro.stella" name="Atari - 2600 (Stella)" version="7.0.0.54.2" provider-name="Stephen Anthony, Bradford Mott, Eckhard Stolberg, Brian Watson">
  <requires>
    <import addon="game.libretro" version="1.0.0"/>
    <import addon="game.controller.atari.2600" version="1.0.0"/>
  </requires>
  <extension point="kodi.gameclient" library_linux="game.libretro.stella.so">
    <platforms>Atari 2600</platforms>
    <extensions>a26|bin</extensions>
    <supports_vfs>true</supports_vfs>
    <supports_standalone>false</supports_standalone>
    <requires_opengl>false</requires_opengl>
  </extension>
  <extension point="xbmc.addon.metadata">
    <license>GPLv2</license>
    <platform/>
    <source>https://github.com/kodi-game/game.libretro.stella</source>
    <assets>
      <icon>resources/icon.png</icon>
      <screenshot>resources/screenshot-01.jpg</screenshot>
      <screenshot>resources/screenshot-02.jpg</screenshot>
      <screenshot>resources/screenshot-03.jpg</screenshot>
    </assets>
    <summary lang="da_DK">Atari - 2600 (Stella)</summary>
    <summary lang="en_GB">Atari - 2600 (Stella)</summary>
    <summary lang="es_ES">Atari - 2600 (Stella 2014)</summary>
    <summary lang="zh_CN">雅达利 - 2600（Stella）</summary>
    <description lang="da_DK">Stella er en Atari 2600 VCS-emulator til flere platforme.[CR][CR]Atari 2600 Video Computer System (VCS), der blev introduceret i 1977, var det mest populære hjemmevideospilsystem i begyndelsen af 1980'erne.</description>
    <description lang="de_DE">Stella ist ein plattformübergreifender Emulator für Atari 2600 VCS[CR][CR]Das Atari 2600 Video Computer System (VCS), das 1977 eingeführt wurde, war das beliebteste Heimvideospielsystem der frühen 1980er Jahre.</description>
    <description lang="en_GB">Stella is a multi-platform Atari 2600 VCS emulator.[CR][CR]The Atari 2600 Video Computer System (VCS), introduced in 1977, was the most popular home video game system of the early 1980s.</description>
    <description lang="es_ES">Stella es un emulador multiplataforma de el Atari 2600 VCS[CR][CR]El Atari 2600 Video Computer System (VCS), presentado en 1977, fue el sistema de videojuegos doméstico más popular de principios de la década de 1980.</description>
    <description lang="zh_CN">Stella 是一款多平台雅达利 2600 VCS 模拟器。[CR][CR]1977年推出的雅达利 2600 视频计算机系统（VCS）是20世纪80年代早期最流行的家庭视频游戏系统。</description>
    <disclaimer lang="da_DK">Stella blev oprindeligt udviklet til Linux af Bradford W. Mott og vedligeholdes i øjeblikket af Stephen Anthony.</disclaimer>
    <disclaimer lang="de_DE">Stella wurde ursprünglich von Bradford W. Mott für Linux entwickelt und wird derzeit von Stephen Anthony gepflegt.</disclaimer>
    <disclaimer lang="en_GB">Stella was originally developed for Linux by Bradford W. Mott, and is currently maintained by Stephen Anthony.</disclaimer>
    <disclaimer lang="es_ES">Stella fue desarrollado originalmente para Linux por Bradford W. Mott, y actualmente lo mantiene Stephen Anthony.</disclaimer>
    <disclaimer lang="zh_CN">Stella 最初由 Bradford W.Mott 为 Linux 开发，目前由 Stephen Anthony 维护。</disclaimer>
  </extension>
</addon>
